{
    "count": 3,
    "next": null,
    "previous": null,
    "results": [
        {
            "id": 3,
            "questions": [
                {
                    "id": 7,
                    "question": "Question 1",
                    "answer_format": "Audio",
                    "ideal_answer": "Audio.mp3",
                    "rated": true,
                    "content_rated": null,
                    "should_score": true,
                    "created_at": "2022-08-11T15:21:59.854733Z",
                    "updated_at": "2022-08-11T15:21:59.854781Z",
                    "is_active": true,
                    "mcq_option_one": null,
                    "mcq_option_two": null,
                    "mcq_option_three": null,
                    "mcq_option_four": null,
                    "test": 3,
                    "createdby": 2,
                    "updatedby": 2
                },
                {
                    "id": 8,
                    "question": "Question 2",
                    "answer_format": "MCQ",
                    "ideal_answer": "ABC",
                    "rated": true,
                    "content_rated": null,
                    "should_score": true,
                    "created_at": "2022-08-11T15:21:59.855679Z",
                    "updated_at": "2022-08-11T15:21:59.855727Z",
                    "is_active": true,
                    "mcq_option_one": "A2 1",
                    "mcq_option_two": "A2 2",
                    "mcq_option_three": "A2 3",
                    "mcq_option_four": "A2 4",
                    "test": 3,
                    "createdby": 2,
                    "updatedby": 2
                },
                {
                    "id": 9,
                    "question": "Question 3",
                    "answer_format": "Video",
                    "ideal_answer": "Video.mp4",
                    "rated": true,
                    "content_rated": null,
                    "should_score": true,
                    "created_at": "2022-08-11T15:21:59.856515Z",
                    "updated_at": "2022-08-11T15:21:59.856549Z",
                    "is_active": true,
                    "mcq_option_one": null,
                    "mcq_option_two": null,
                    "mcq_option_three": null,
                    "mcq_option_four": null,
                    "test": 3,
                    "createdby": 2,
                    "updatedby": 2
                }
            ],
            "notification": [
                {
                    "id": 3,
                    "interaction_welcome_message": "interaction_welcome_message",
                    "interaction_instruction_message": "interaction_instruction_message",
                    "interaction_completion_message": "interaction_completion_message",
                    "bot_warning_message": "bot_warning_message",
                    "report_send_to_user": true,
                    "report_sent_to_email_one": null,
                    "report_sent_to_email_two": null,
                    "is_active": true,
                    "created_at": "2022-08-11T15:21:59.857436Z",
                    "updated_at": "2022-08-11T15:21:59.857475Z",
                    "test": 3,
                    "createdby": 2,
                    "updatedby": 2
                }
            ],
            "is_creator_comapany": null,
            "institute_name": "institute_name",
            "job_title": "job_title",
            "test_code": "test_code",
            "track": "track",
            "interaction_mode": "interaction_mode",
            "report_type": "report_type",
            "report_type_text": null,
            "generate_certificate": "generate_certificate",
            "generate_certificate_text": null,
            "job_instruction": "job_instruction",
            "job_describtion": "job_describtion",
            "access_code": "access_code",
            "expiry_date": "2022-08-02",
            "who_can_initiate": "ABC",
            "timer": "timer",
            "collect_mail": true,
            "collect_resume": true,
            "collect_candidate_feedback_message": false,
            "collect_channel": "Slack",
            "collect_candidate_id": true,
            "collect_voice_match": false,
            "total_question": 3,
            "created_at": "2022-08-11T15:21:59.853400Z",
            "updated_at": "2022-08-11T15:21:59.853444Z",
            "is_active": true,
            "createdby": 2,
            "updatedby": 2
        },
        {
            "id": 4,
            "questions": [
                {
                    "id": 10,
                    "question": "Question 1",
                    "answer_format": "Audio",
                    "ideal_answer": "Audio.mp3",
                    "rated": true,
                    "content_rated": null,
                    "should_score": true,
                    "created_at": "2022-08-11T15:50:59.624412Z",
                    "updated_at": "2022-08-11T15:50:59.624444Z",
                    "is_active": true,
                    "mcq_option_one": null,
                    "mcq_option_two": null,
                    "mcq_option_three": null,
                    "mcq_option_four": null,
                    "test": 4,
                    "createdby": 2,
                    "updatedby": 2
                },
                {
                    "id": 11,
                    "question": "Question 2",
                    "answer_format": "MCQ",
                    "ideal_answer": "ABC",
                    "rated": true,
                    "content_rated": null,
                    "should_score": true,
                    "created_at": "2022-08-11T15:50:59.625511Z",
                    "updated_at": "2022-08-11T15:50:59.625542Z",
                    "is_active": true,
                    "mcq_option_one": "A2 1",
                    "mcq_option_two": "A2 2",
                    "mcq_option_three": "A2 3",
                    "mcq_option_four": "A2 4",
                    "test": 4,
                    "createdby": 2,
                    "updatedby": 2
                },
                {
                    "id": 12,
                    "question": "Question 3",
                    "answer_format": "Video",
                    "ideal_answer": "Video.mp4",
                    "rated": true,
                    "content_rated": null,
                    "should_score": true,
                    "created_at": "2022-08-11T15:50:59.626386Z",
                    "updated_at": "2022-08-11T15:50:59.626416Z",
                    "is_active": true,
                    "mcq_option_one": null,
                    "mcq_option_two": null,
                    "mcq_option_three": null,
                    "mcq_option_four": null,
                    "test": 4,
                    "createdby": 2,
                    "updatedby": 2
                }
            ],
            "notification": [
                {
                    "id": 4,
                    "interaction_welcome_message": "interaction_welcome_message",
                    "interaction_instruction_message": "interaction_instruction_message",
                    "interaction_completion_message": "interaction_completion_message",
                    "bot_warning_message": "bot_warning_message",
                    "report_send_to_user": true,
                    "report_sent_to_email_one": null,
                    "report_sent_to_email_two": null,
                    "is_active": true,
                    "created_at": "2022-08-11T15:50:59.627212Z",
                    "updated_at": "2022-08-11T15:50:59.627244Z",
                    "test": 4,
                    "createdby": 2,
                    "updatedby": 2
                }
            ],
            "is_creator_comapany": null,
            "institute_name": "Hritik",
            "job_title": "job_title",
            "test_code": "test_code",
            "track": "track",
            "interaction_mode": "interaction_mode",
            "report_type": "report_type",
            "report_type_text": null,
            "generate_certificate": "generate_certificate",
            "generate_certificate_text": null,
            "job_instruction": "job_instruction",
            "job_describtion": "job_describtion",
            "access_code": "access_code",
            "expiry_date": "2022-08-02",
            "who_can_initiate": "ABC",
            "timer": "timer",
            "collect_mail": true,
            "collect_resume": true,
            "collect_candidate_feedback_message": false,
            "collect_channel": "Slack",
            "collect_candidate_id": true,
            "collect_voice_match": false,
            "total_question": 3,
            "created_at": "2022-08-11T15:50:59.622529Z",
            "updated_at": "2022-08-11T15:50:59.622579Z",
            "is_active": true,
            "createdby": 2,
            "updatedby": 2
        },
        {
            "id": 5,
            "questions": [
                {
                    "id": 13,
                    "question": "Question 1",
                    "answer_format": "Audio",
                    "ideal_answer": "Audio.mp3",
                    "rated": true,
                    "content_rated": null,
                    "should_score": true,
                    "created_at": "2022-08-25T12:14:29.695355Z",
                    "updated_at": "2022-08-25T12:14:29.695398Z",
                    "is_active": true,
                    "mcq_option_one": null,
                    "mcq_option_two": null,
                    "mcq_option_three": null,
                    "mcq_option_four": null,
                    "test": 5,
                    "createdby": 2,
                    "updatedby": 2
                },
                {
                    "id": 14,
                    "question": "Question 2",
                    "answer_format": "MCQ",
                    "ideal_answer": "ABC",
                    "rated": true,
                    "content_rated": null,
                    "should_score": true,
                    "created_at": "2022-08-25T12:14:29.713922Z",
                    "updated_at": "2022-08-25T12:14:29.713990Z",
                    "is_active": true,
                    "mcq_option_one": "A2 1",
                    "mcq_option_two": "A2 2",
                    "mcq_option_three": "A2 3",
                    "mcq_option_four": "A2 4",
                    "test": 5,
                    "createdby": 2,
                    "updatedby": 2
                },
                {
                    "id": 15,
                    "question": "Question 3",
                    "answer_format": "Video",
                    "ideal_answer": "Video.mp4",
                    "rated": true,
                    "content_rated": null,
                    "should_score": true,
                    "created_at": "2022-08-25T12:14:29.714845Z",
                    "updated_at": "2022-08-25T12:14:29.714887Z",
                    "is_active": true,
                    "mcq_option_one": null,
                    "mcq_option_two": null,
                    "mcq_option_three": null,
                    "mcq_option_four": null,
                    "test": 5,
                    "createdby": 2,
                    "updatedby": 2
                }
            ],
            "notification": [
                {
                    "id": 5,
                    "interaction_welcome_message": "interaction_welcome_message",
                    "interaction_instruction_message": "interaction_instruction_message",
                    "interaction_completion_message": "interaction_completion_message",
                    "bot_warning_message": "bot_warning_message",
                    "report_send_to_user": true,
                    "report_sent_to_email_one": null,
                    "report_sent_to_email_two": null,
                    "is_active": true,
                    "created_at": "2022-08-25T12:14:29.715856Z",
                    "updated_at": "2022-08-25T12:14:29.715890Z",
                    "test": 5,
                    "createdby": 2,
                    "updatedby": 2
                }
            ],
            "is_creator_comapany": null,
            "institute_name": "Hritik",
            "job_title": "job_title",
            "test_code": "test_code",
            "track": "track",
            "interaction_mode": "interaction_mode",
            "report_type": "report_type",
            "report_type_text": null,
            "generate_certificate": "generate_certificate",
            "generate_certificate_text": null,
            "job_instruction": "job_instruction",
            "job_describtion": "SDE1",
            "access_code": "access_code",
            "expiry_date": "2022-08-02",
            "who_can_initiate": "ABC",
            "timer": "timer",
            "collect_mail": true,
            "collect_resume": true,
            "collect_candidate_feedback_message": false,
            "collect_channel": "Slack",
            "collect_candidate_id": true,
            "collect_voice_match": false,
            "total_question": 3,
            "created_at": "2022-08-25T12:14:29.679011Z",
            "updated_at": "2022-08-25T12:14:29.679069Z",
            "is_active": true,
            "createdby": 2,
            "updatedby": 2
        }
    ]
}